{
  "losses": [
    3.269599437713623,
    2.8327550888061523,
    2.3084449768066406,
    1.9680335521697998,
    1.702871322631836,
    1.6809301376342773,
    1.675715684890747,
    1.6471853256225586,
    1.63956880569458,
    1.6835782527923584,
    1.6667203903198242,
    1.679490327835083,
    1.652998685836792,
    1.6287577152252197,
    1.6391695737838745,
    1.6735386848449707,
    1.6264615058898926,
    1.6273267269134521,
    1.6226805448532104,
    1.6369340419769287,
    1.6485563516616821,
    1.6286866664886475,
    1.6571259498596191,
    1.6202539205551147,
    1.6215425729751587
  ],
  "grad_norms": [
    16.980282207786324,
    21.9027181315288,
    12.143020480764603,
    8.816497792535303,
    4.820041109088968,
    1.511050532825407,
    1.9002255477823151,
    0.9543755089342894,
    0.964434191085682,
    1.15814387241447,
    0.8447814979391663,
    1.7229926581994033,
    0.8779652619159373,
    0.9356881675156058,
    0.7830512907853192,
    1.7331025095341508,
    1.4207230477894812,
    1.061247230616323,
    0.9125258728799481,
    1.0757551617084355,
    1.5881043923358056,
    1.0770937092762252,
    1.345273082046308,
    1.0226333692093534,
    0.9525110979079694
  ]
}