{
  "usage_pct": [
    32.9296875,
    32.3046875,
    32.7734375,
    32.4609375
  ],
  "perplexity": [
    79.77767271777377,
    78.18855201074334,
    79.23829578016208,
    78.12352163596678
  ],
  "collapse_warning": false
}